Humanitarian Organisation,health,life satisfaction
Not Active,70.748031496063,57.244094488189
Active,75.7446808510638,61.7021276595745
