Active in a religous organisation,health,life satisfaction
Not Active,70.7924528301887,57.811320754717
Active,76.7647058823529,59.4117647058824
