Labour,health,life satisfaction
Not Active,57.536231884058,71.0869565217391
Active,61.6666666666667,76.6666666666667
