Humanitarian Organisation,Health,Life Satisfication
Active,75.7446808510638,61.7021276595745
Not Active,70.748031496063,57.244094488189
