Age Group,Has anxiety Disorder,Following celebrities or influencers,Avoiding missing out on things
16–24,32.4528,22.4,25.5
25–34,21.92904,19.4,20.7
35–44,15.68003,16.6,17
45–54,15.67673,11.2,13.7
55–64,14.06815,6.5,10.1
