Labour,Health,Life Satisfication
Active,61.6666666666667,76.6666666666667
Not Active,57.536231884058,71.0869565217391
